Programme=[Retail],Distributor View=[Manufacturing],View By=[ASIN],Countries=[IN],Businesses=[CAMBIUM RETAIL PRIVATE LIMITED - PC - MH - CRPL;Cambium Retail Pvt. Lt. - Mumbai - cb;Cambium Retail Pvt. Ltd.-MH],Locale=[en_IN],Currency=[INR],Reporting Range=[Custom],Viewing Range=[01/01/26 - 31/01/26],Brands=[7G03N],Report Updated=[23/03/26],
SKU,Model,ASIN,Product Title,Brand,Store Code,Ordered Revenue,Ordered Units,Shipped Revenue,Shipped COGS,Shipped Units,Customer Returns
FBA76864,AI-04 Red,B0BPLZ5CGV,Audio Array AI-04 2x2 Gen 3 Audio Interface | Premium Mic Pre-Amps | 48V Phantom Power Support | 24bit/192kHz High Fidelity Recording | XLR/MIC/LINE inputs | Plug & Play-No Drivers | Metal Body | Red,Audio Array,IN,"₹ 25,33,139.12",668,₹ 0.00,₹ 0.00,679,170
FBA75673,AM-C1,B0B4DPX2J2,"Audio Array AM-C1 USB Condenser Microphone Kit | for Podcasting, Online Meeting, Gaming, Singing & Live Streaming | Boom Arm, Pop Filter, Mic Cover, Spider Shock Mount, Tripod & 2.5M USB Cable",Audio Array,IN,"₹ 22,35,552.89","1,001",₹ 0.00,₹ 0.00,999,219
FBA79482,AM-S1,B0DXFPM4N2,"Audio Array AM-S1 BT v5.3 |Professional 4"" Studio Monitor Speaker Pair| 60W Class D Amplification,Woven Composite Woofer,1"" Silk-Dome Tweeter,EQ Controls|Music/Monitor Mode, Aux, HDMI, USB C, TRS, RCA",Audio Array,IN,"₹ 14,08,749.19",196,₹ 0.00,₹ 0.00,195,57
FBA79380,AM-C46,B0D3M1B4Z8,"Audio Array AM-C46 Professional RGB USB Condenser Microphone Kit | Noise-Cancellation, Mute, Monitoring & Volume Controls | 192kHz/24bit Studio Quality | Gaming, Streaming, Podcast | Mac/PC/Mobile",Audio Array,IN,"₹ 7,08,897.89",238,₹ 0.00,₹ 0.00,240,46
FBA79813,AH-50,B0FG88HVQ8,"Audio Array AH-50 Professional DJ Headphone | 50mm Drivers | 32Ω | 20Hz-20kHz | Dual Detachable Cables With Mic & Controls | Buddy Share Technology | 105 dB SPL | One Ear Listening | Monitoring,Mixing",Audio Array,IN,"₹ 3,68,060.63",224,₹ 0.00,₹ 0.00,220,44
FBA79103,AI-10,B0CM6NTWBP,"Audio Array AI-10 Professional Live Soundcard|1Ch Mixer |Bluetooth | 3 Condenser Mic Inputs, 2 mobilephones & PC/Mac Outputs | +48V phantom power, 4 Voice Modes, Denoise, built-in FX | Gaming, Karaoke",Audio Array,IN,"₹ 3,28,498.37",130,₹ 0.00,₹ 0.00,132,24
FBA78975,AA-21,B0CF5TCQKL,"Audio Array AA-21 Desktop Mount Speaker Stands | 15KG Capacity | Height, Tilt & Rotation Adjustable | Smart Cable Management | for Sound Editing, Gaming, Music Production | Black (Set of 2)",Audio Array,IN,"₹ 3,12,032.98",101,₹ 0.00,₹ 0.00,103,9
FBA79109,AM-W18,B0CM9HYVDM,"Audio Array AM-W18 Wireless Karaoke Speaker with Microphone | Portable Bluetooth Speaker for Singing & Gifting with Voice Changer | Upto 8+ Hours of Playback | Bluetooth v5.3, SD Card & AUX in (Pink)",Audio Array,IN,"₹ 2,57,968.36",259,₹ 0.00,₹ 0.00,256,20
FBA75674,AM-C2,B0B4G19R58,"Audio Array AM-C2 XLR Condenser Microphone Kit | Boom Arm, 2M Cable, Pop Filter & Mic Cover | Compatible with Audio Interface, Mixer & preamp | Recording, Podcasting, Streaming, Home Studio (Black)",Audio Array,IN,"₹ 2,41,094.94",76,₹ 0.00,₹ 0.00,77,16
FBA78973,AA-19,B0CF5R3V95,"Audio Array AA-19 2in1 High & Low Profile Mic Stand | 71cm reach | Premium Metal design with Built In Cable Management | Flexible Position adjustments | 2Kg Weight Capacity |5/8"" to 3/8"" Screw Adapter",Audio Array,IN,"₹ 2,38,778.04",75,₹ 0.00,₹ 0.00,73,13
FBA79011,AM-C43,B0CH4RNWJX,"Audio Array AM-C43 XLR to 3.5mm Professional Condenser Microphone Kit | Boom Arm, 2M Cable & Foam Filter | Compatible with Audio Interface, Mixer | Recording, Podcast, Streaming, Home Studio (Black)",Audio Array,IN,"₹ 2,30,481.65",110,₹ 0.00,₹ 0.00,108,35
FBA79005,AM-W45,B0CKHVHVQ1,"Audio Array AM-W45 Wireless Conference Microphone with Speaker | Bluetooth, USB & 4 Mics | 360° Pickup Upto 4M | Noise Reduction & Enhanced Voice | Portable Speakerphone for Video Calls/Zoom Meeting",Audio Array,IN,"₹ 2,02,705.16",48,₹ 0.00,₹ 0.00,49,5
FBA79449,AM-W36,B0DFMNGFTD,"Audio Array AM-W36 UHF Dual Wireless Premium Metal Microphone with Charging | 2X XLR Outs & 1/4"" Mix Out | 328ft/100M Range | Karaoke Singing, Wedding, Events | PA System, Amplifier, Mixer, Party Box",Audio Array,IN,"₹ 1,64,081.42",34,₹ 0.00,₹ 0.00,33,12
FBA76414,AA-05,B0BLJVJ2GN,"Audio Array AA-05 Suspension Boom Scissor Microphone Arm Stand | Universal clamp with mic Holder & 3/8″ to 5/8″ Adapter for Shock mounts | Suitable for Stages, Studios, Broadcasting, TV Stations",Audio Array,IN,"₹ 1,48,317.04",276,₹ 0.00,₹ 0.00,273,23
FBA79904,PB-10 (AM-C2+AI-04+AH-60-BL),B0FTVQQVDC,"Audio Array Professional Studio Recording Bundle – XLR Condenser Mic Kit, 2x2 USB Audio Interface, Closed-Back Headphone, Boom Arm, Pop Filter & 48V Phantom Power| 24-bit/192kHz Podcast Kit - PB-10",Audio Array,IN,"₹ 1,40,663.56",17,₹ 0.00,₹ 0.00,17,3
FBA79839,AH-45 BK,B0FQBXS6Y2,"Audio Array AH-45-BK Studio Monitoring & Live Recording Headphones | 20-20KHz, 32 Ω, 100dB SPL | 40mm Depp Bass Closed-Back Driver | 3m OFC Cable | 3.5mm + 6.3mm Adapter (Black)",Audio Array,IN,"₹ 1,27,845.68",103,₹ 0.00,₹ 0.00,105,18
FBA79106,AM-C44,B0CM9KJZWQ,"Audio Array AM-C44 XLR/USB Professional Dynamic Podcast Microphone | Built-in Monitoring | One Touch Mute & Volume Control | 192kHz/24bit Full Metal Build | 2M XLR & USB Cable | Streaming, Podcasting",Audio Array,IN,"₹ 1,11,733.07",28,₹ 0.00,₹ 0.00,27,
FBA79104,AI-11,B0CM6NVLT9,"Audio Array AI-11 USB Bluetooth Soundcard, 1Ch Mixer, Audio Interface | 2 Condenser In, 2 Out |2 Live Out+1 Accompany In | OTG for mobile and PC/MAC | Effects | Streaming, Podcasting, Gaming, Singing",Audio Array,IN,"₹ 1,03,549.99",82,₹ 0.00,₹ 0.00,86,30
FBA76862,AM-C28,B0BPLWW72Y,Audio Array AM-C28 USB Plug & Play Conference Microphone | Omni Directional Pickup Upto 3M | Mic Mute Button | No Drivers Condenser USB Type-C | Ideal for Meetings & Video Calling (Not a Speaker),Audio Array,IN,"₹ 98,688.34",77,₹ 0.00,₹ 0.00,80,7
FBA79816,AM-W22,B0FPR962YS,"Audio Array AM-W22 | Latest 2026 Edition Wireless Microphone for Camera/iPhone/Android/iPad/Laptop, Lav Mic with Charging Case, AI Noise Reduction, 50H Battery, 230ft Range, for Recording, YouTube",Audio Array,IN,"₹ 93,588.09",31,₹ 0.00,₹ 0.00,32,6
FBA79827,PB-03 (AI-04 Red + AM-C11 x 2),B0FJ8S5XJ8,"Audio Array Complete Podcast Bundle | Dual USB/XLR Dynamic Microphones with Audio Interface 24bit / 192kHz|Metal Body|Pro Streaming & Recording Kit for PC, Mac & Mobile - PB-03",Audio Array,IN,"₹ 92,679.65",8,₹ 0.00,₹ 0.00,7,1
FBA79694,AA-26,B0DT6T6N6B,"Audio Array AA-26 Tabletop Metal Microphone Stand | Extendable height up to 22cm | Studio Sound Recording, Streaming, Podcasting, Singing | Stylish Sturdy Metal Design to last long, flat base",Audio Array,IN,"₹ 89,930.50",210,₹ 0.00,₹ 0.00,214,28
FBA75690,AM-C10,B0B4K87PR4,Audio Array AM-C10 USB Plug & Play Conference Microphone with Speaker | Omni Directional Pickup Upto 4M | Speaker and Mic Mute Buttons | Volume Control & Mute Button | Ideal for Meeting & Video Call,Audio Array,IN,"₹ 86,589.80",26,₹ 0.00,₹ 0.00,26,
FBA79838,AH-40 SL,B0FQBX8J17,"Audio Array AH-40-SL Wired Over-Ear Headphones | 40mm Drivers, 15-22KHz, 32Ω, 105dB SPL Sound, Studio Monitoring, Gaming, Live Music Headset with 3.5mm + 6.3mm Plug Compatibility",Audio Array,IN,"₹ 83,235.44",82,₹ 0.00,₹ 0.00,83,18
FBA79655,AM-C44 Pro,B0DN6PFWNK,Audio Array AM-C44 Pro XLR/USB Professional Dynamic Microphone Kit | Built-in Monitoring | One Touch Mute & Volume Control | 192kHz/24bit Full Metal Build | 2M XLR & USB Cable | Streaming & Podcasting,Audio Array,IN,"₹ 74,053.40",17,₹ 0.00,₹ 0.00,17,5
FBA78976,AA-22,B0CF5SHL15,"Audio Array AA-22 Desktop Mount Speaker Stands | 15KG Capacity | Height, Tilt & Rotation Adjustable | Smart Cable Management | for Sound Editing, Gaming, Music Production | Red (Set of 2)",Audio Array,IN,"₹ 71,783.10",23,₹ 0.00,₹ 0.00,23,1
FBA75677,AM-C5,B0B4KC7VBM,"Audio Array AM-C5 USB Plug & Play Conference Mic for Mac OS & Windows | Conference, Recording, Skype, Online Class with Range Upto 5M | One Touch Mute Button & Light Indicator (NOT A Speaker)",Audio Array,IN,"₹ 70,591.55",36,₹ 0.00,₹ 0.00,36,8
FBA79833,PB-04 (AI-04 Red + AM-C44 x 2),B0FJ8PZ9H7,"Audio Array Pro Podcasting Bundle | Audio Interface with 48V Phantom Power & Dual USB/XLR Touch-Control Mics | 192kHz/24bit, Mute, Monitor, Volume Control | Recording, Streaming & Podcasting - PB-04",Audio Array,IN,"₹ 67,622.02",6,₹ 0.00,₹ 0.00,6,2
FBA79355,AA-19BL,B0D3M86SH1,Audio Array AA-19BL RGB Low Profile Boomarm Stand with Riser | 71cm reach & 20 RGB lighting effects & Built-In Cable Management | Matte finish with Flexible adjustments | 2Kg Weight Capacity | Black,Audio Array,IN,"₹ 67,525.43",16,₹ 0.00,₹ 0.00,16,
FBA79379,AM-C45,B0D3LZWTHV,"Audio Array AM-C45 XLR/USB Professional RGB Dynamic Podcast Microphone | Built-in Monitoring | One Touch Mute Volume & Noise-Cancellation | 2M USB Cable & Metal Base | Streaming, Podcasting, Singing",Audio Array,IN,"₹ 67,353.32",23,₹ 0.00,₹ 0.00,23,9
FBA75688,AM-W12,B0B4G763WS,"Audio Array AM-W12 UHF Dual Wireless Premium Metal Microphones | 4+ Hours Receiver Battery Backup | Range up to 60m| Karaoke Singing, Wedding, DJ, Church | PA System, Amplifier, Mixer, Party Box, etc",Audio Array,IN,"₹ 61,702.54",19,₹ 0.00,₹ 0.00,19,4
FBA75684,AA-04,B0B4G7VWXD,"Audio Array AA-04 Metal Spider Shock Mount for Condenser Microphone | Anti Vibration, Suspension, Isolation | 4 Size Bottom Screws & Extra Replacement Elastic Bands | Recommended For Rode, Samson, etc",Audio Array,IN,"₹ 59,906.03",44,₹ 0.00,₹ 0.00,43,10
FBA75679,AA-02,B0B4JRQP22,"Audio Array AA-02 3-Panel Curved Isolation Shield with Insulation, Absorption & Reflection Filter | 3/8"" and 5/8"" Universal Mic Mount for Recording Studio, Podcasts, Singing & Broadcasting",Audio Array,IN,"₹ 54,360.25",26,₹ 0.00,₹ 0.00,26,5
FBA79445,AM-W32,B0DFMLS8JG,"Audio Array AM-W32 UHF Dual Wireless Metal Microphones | Built-in Rechargeable Battery | 6–8 Hours Backup | 60M Range | Karaoke, DJ, Events, PA System | Echo & Volume Controls",Audio Array,IN,"₹ 52,286.90",18,₹ 0.00,₹ 0.00,18,5
FBA79821,"UB-01 (AI-04, AM-S1, AA-21, AM-C2)",B0FJ2JJZL3,"Audio Array Professional Studio Bundle with 24-Bit/192kHz Audio Interface, 4"" Studio Monitors, Condenser Mic & Stands | for Music Production, Podcasting, Dubbing, Recording & Audio Mixing - UB-01",Audio Array,IN,"₹ 49,573.74",3,₹ 0.00,₹ 0.00,3,1
FBA79446,AM-W33,B0DFMMTWLY,"Audio Array AM-W33 UHF Metal Solo Wireless Microphone Set | Built-in Rechargeable Battery | 6–8 Hours Backup | 50M Range | Karaoke, Wedding, DJ, Church | PA System, Amplifier, Mixer, Party Box",Audio Array,IN,"₹ 47,585.58",32,₹ 0.00,₹ 0.00,32,7
FBA79447,AM-W34,B0DFMLXD9S,"Audio Array AM-W34 UHF Dual Wireless Premium Metal Microphones | 800mAh 6-8 Hours Receiver Battery Backup | Range up to 50M | Karaoke Singing, Wedding, Church | PA System, Amplifier, Mixer, Party Box",Audio Array,IN,"₹ 47,255.09",16,₹ 0.00,₹ 0.00,16,
FBA78960,AM-C39,B0CBCB82MT,"Audio Array AM-C39 XLR to 3.5mm Condenser Microphone Kit | Tripod, 2M Cable & Foam Filter | Compatible with Audio Interface, Mixer | Recording, Podcast, Streaming, Home Studio (Black)",Audio Array,IN,"₹ 45,272.06",32,₹ 0.00,₹ 0.00,31,18
FBA79783,AM-C47,B0FF9R3GKK,"Audio Array AM-C47 RGB USB Condenser Mic Kit | AI Noise Cancellation, 192kHz/24Bit Studio Quality, Touch Control, Headphone Monitoring | Podcasting, YouTube, Gaming & Streaming | Mac/PC & Mobile",Audio Array,IN,"₹ 44,603.41",18,₹ 0.00,₹ 0.00,17,8
FBA75692,AM-C11,B0B4G1HPL5,"Audio Array AM-C11 XLR/USB Dynamic Podcast Microphone | Built-in Monitoring | One Touch Mute and Volume Control | Premium Metal Build | 2M XLR & USB Cable | Streaming, Gaming, Podcasting, Singing",Audio Array,IN,"₹ 44,566.95",11,₹ 0.00,₹ 0.00,11,
FBA79841,AH-60 BL,B0FQBTRM28,"Audio Array AH-60-BL, 60Ω, Professional Monitoring Headphones | 53mm Drivers | 10Hz–30KHz | 105dB SPL | Closed-Back, DJ & Studio | 3m Cable with 3.5mm & 6.3mm Plugs (Blue)",Audio Array,IN,"₹ 39,659.27",24,₹ 0.00,₹ 0.00,24,3
FBA75675,AM-C3,B0B4G8ZB64,"Audio Array AM-C3 XLR to TRS Dynamic Handheld Karaoke Microphone | Premium Metal Built with 3M Cable | Singing, Public Meetings, Studio Recording, Live Show, Party, Church, Wedding",Audio Array,IN,"₹ 39,629.61",53,₹ 0.00,₹ 0.00,53,11
FBA75678,AA-01,B0B4G8PH2P,"Audio Array AA-01 Suspension Boom Scissor Microphone Stand | Double Layer Mesh Pop Filter | 70cm Sturdy Boom Arm with 1.8kg Capacity | 5/8"" to 3/8"" Screw Adapter | Mic Holder, Foam Cover, Cable Ties",Audio Array,IN,"₹ 32,523.73",18,₹ 0.00,₹ 0.00,18,1
FBA77171,AC-6XL,B0CH4VCD6R,"Audio Array AC-6XL Mic Cable 6.35mm Jack Male to XLR 3PIN Female Cord Wire | Microphone/Guitar Cable | Black, 1pc Pack (6 Meter/19.6 Feet)",Audio Array,IN,"₹ 31,586.31",68,₹ 0.00,₹ 0.00,67,13
FBA79840,AH-60 RD,B0FQBWV1ST,"Audio Array AH-60-RD Semi-Open Back DJ Headphones | 50mm Drivers Delivers Dynamic Balanced Output | 15Hz–25kHz, 32Ω, 100dB SPL, 1200mW | 3m OFC Single-Sided Cable with Screw-On 3.5mm + 6.3mm Plug",Audio Array,IN,"₹ 27,900.83",17,₹ 0.00,₹ 0.00,17,1
FBA79008,AI-06,B0CH4RT4P8,"Audio Array AI-06 Streaming Audio Mixer Sound Card | XLR, 1/4"" & line in | PC/Phone RGB Mixer with Volume Fader, Individual Control, Mute and Monitoring, 48V Phantom Power | Stream, Podcast & Karaoke",Audio Array,IN,"₹ 26,015.24",9,₹ 0.00,₹ 0.00,9,3
FBA79835,PB-06 (AA-05 + AM-C44 + AI-04),B0FJ8TWCQZ,"Audio Array Pro Podcast Bundle | USB/XLR Dynamic Microphone with 24-Bit/192kHz Audio Interface & Boom Arm | Real-Time Monitoring, Plug & Play for Streaming, Recording & Content Creation - PB-06",Audio Array,IN,"₹ 24,382.67",4,₹ 0.00,₹ 0.00,3,
FBA78925,AM-C11X,B0CBC7QMNV,"Audio Array AM-C11X XLR Dynamic Microphone | Studio-quality Audio Output | Cardioid Polar Pattern | Premium Metal Build | 2 Meter XLR cable | for Streaming, Gaming, Podcasting, Singing | 2 Yr Warranty",Audio Array,IN,"₹ 24,149.16",8,₹ 0.00,₹ 0.00,8,1
FBA79708,SB-01,B0FFB6YJM1,"Audio Array SB-01 | Bluetooth Soundbar 25W, Gaming RGB Lights, AUX, Bluetooth, USB, FM & TWS I Fast Charge Battery, Multiport Connectivity, BT Speaker for TV, Mobile, PC, Laptops, Tablets Black",Audio Array,IN,"₹ 23,332.20",22,₹ 0.00,₹ 0.00,23,4
FBA79824,GB-01 (AM-C43 +AI-10),B0FJ2K95XT,"Audio Array Ultimate Gaming Bundle | Condenser Mic with Boom Arm & Sound Card | Streaming Kit for PC/Mobile with 14 FX, Voice Modes, Loopback, Real Time Monitoring |for YouTube & Live Stream - GB-01",Audio Array,IN,"₹ 23,216.12",5,₹ 0.00,₹ 0.00,5,2
FBA78974,AA-20,B0CF5RRTDJ,"Audio Array AA-20 Microphone Arm Stand | 81cm Reach | Premium light weight & slick design | Flexible height & position adjustments | 1kg Weight Capacity | 5/8"" to 3/8"" Screw Adapter | Cable Ties",Audio Array,IN,"₹ 21,430.51",12,₹ 0.00,₹ 0.00,12,1
FBA79448,AM-W35,B0DFMKY4TT,"Audio Array AM-W35 UHF Dual Wireless Premium Karaoke Microphones | 800mah 5-6 Hours Battery Backup | Range up to 50M | Karaoke Singing, Wedding, DJ, Church | PA System, Amplifier, Mixer, Party Box",Audio Array,IN,"₹ 21,145.76",8,₹ 0.00,₹ 0.00,8,3
FBA79356,AA-19WL,B0D3Q2T5XX,Audio Array AA-19WL RGB Low Profile Boomarm Stand with Riser | 71cm reach & 20 RGB lighting effects & Built-In Cable Management | Matte finish with Flexible adjustments | 2Kg Weight Capacity | White,Audio Array,IN,"₹ 21,012.71",5,₹ 0.00,₹ 0.00,5,4
FBA79842,AM-C48,B0G4DNF8RZ,"Audio Array AM-C48 XLR/USB Professional Full RGB Dynamic Microphone Kit | AI Noise Cancellation | Touch & Knob Controls | Built-in Headphone Monitoring | Podcasting, Recording, Streaming, YouTube",Audio Array,IN,"₹ 20,702.55",7,₹ 0.00,₹ 0.00,7,
FBA79820,AC-3XL,B0FQJWWDVK,"Audio Array AC-3XL Mic Cable 6.35mm Jack Male to XLR 3PIN Female Cord Wire | Microphone/Guitar Cable | Black, 1pc Pack (3 Meter/10 Feet)",Audio Array,IN,"₹ 20,259.20",54,₹ 0.00,₹ 0.00,53,5
FBA79825,GB-02 (AM-C43 + AI-11),B0FJ2DT13L,"Audio Array All in 1 Pro Bundle | Condenser Mic with USB Bluetooth Soundcard Mixer | Complete Setup for Streaming, Podcasting, Gaming, Singing & Home Studio Recording - GB-02",Audio Array,IN,"₹ 19,444.08",6,₹ 0.00,₹ 0.00,6,
FBA79105,AI-12,B0CM6WH4ZT,"Audio Array AI-12 USB Bluetooth Soundcard | 1Ch Mixer interface | 2 mic inputs, 2 smartphone & PC/Mac outputs | Karaoke Recording, Mobile/PC Streaming, Live Broadcasting | Singing, Recording,Gaming",Audio Array,IN,"₹ 19,443.23",17,₹ 0.00,₹ 0.00,18,21
FBA79016,AM-C3a,B0CH4R1V6S,"Audio Array AM-C3a Unidirectional Dynamic Handheld Karaoke Microphone | 20Hz - 20kHz Response | Karaoke Singing, Public Meetings, Studio Recording, Live Sound, Party (no Cable Included)",Audio Array,IN,"₹ 19,015.26",32,₹ 0.00,₹ 0.00,31,21
FBA76597,AA-06,B0BQ7H7418,"Audio Array AA-06 Microphone Boom Arm with 35cm+35cm=70cm Adjustable Suspension Scissor Arm Stand, Shock Mount, Base Clamp, Pop-Filter, 3/8"" to 5/8"" Universal Screw Adapter, 4x Cable Ties",Audio Array,IN,"₹ 18,233.05",17,₹ 0.00,₹ 0.00,19,3
FBA79815,AM-W19,B0FPR7VFCH,"Audio Array AM-W19 Wireless Lavalier Microphone|192kHz/24bit |AI Noise Cancellation for iPhone/Android, 32h Charging Case, Plug & Play for Vlogging, Streaming, Meetings, Video Recording",Audio Array,IN,"₹ 18,041.51",11,₹ 0.00,₹ 0.00,11,3
FBA79844,PB-08 (AM-C1 + AI-04),B0FN7DYB2M,"Audio Array Podcast Bundle with USB Condenser Mic Kit, Audio Interface |192kHz/24bit Studio Quality, Plug & Play, Phantom Power, Real-Time Monitoring for Recording, Streaming & Podcasting - PB-08",Audio Array,IN,"₹ 17,878.82",3,₹ 0.00,₹ 0.00,3,1
FBA79107,AM-W17,B0CM9P5CCK,"Audio Array AM-W17 Dual Wireless Lapel Mic|in-Built ANC, Plug N Play,Long Battery Life, Ultra-Low Latency,Upto 30M Range|Compatible with iPhone & Android|Vlogging, Streaming, Teaching,YouTube, Black",Audio Array,IN,"₹ 17,460.22",12,₹ 0.00,₹ 0.00,12,
FBA79064,AA-25,B0CJR76Y7G,"Audio Array AA-25 Handheld Microphone Interview Adapter for Wireless Lapel Microphones | Supports, Rode Go, DJI, Hollyland mics etc | Foam Cover with Built-in Cold Shoe Mount",Audio Array,IN,"₹ 17,358.47",27,₹ 0.00,₹ 0.00,29,7
FBA79010,AM-C42,B0CH4T2BJD,"Audio Array AM-C42 Plug & Play AI Noise Cancelling USB Condenser Microphone | Mute Button/Echo/Volume Knob | Kit with Boom Arm & Pop Filter | Karaoke, Gaming, Streaming, Podcast | Mac/PC/Mobile",Audio Array,IN,"₹ 17,226.08",9,₹ 0.00,₹ 0.00,8,1
FBA75683,AA-03,B0B4G94VP3,"Audio Array AA-03 Double Layer Professional Pop Filter | Flexible 360° Free Angle Adjustable, Durable Windshield | Metal Gooseneck Stabilizing Arm Holder with 32cm Arm Length | Suitable for Recording.",Audio Array,IN,"₹ 16,985.53",42,₹ 0.00,₹ 0.00,41,1
FBA79009,AM-C41,B0CH4PMR8K,"Audio Array AM-C41 Plug & Play AI Noise Cancellation USB Condenser Microphone | Mute Button/Echo/Volume Knob | Kit with Tripod, Mic Cover | Gaming, Streaming, Podcast | Mac/PC/Laptop/Mobile",Audio Array,IN,"₹ 14,981.35",11,₹ 0.00,₹ 0.00,11,3
FBA79846,AM-C11X Pro,B0FN7C25VS,"Audio Array AM-C11X Pro XLR Podcast Mic Kit with Dynamic Microphone, 2m XLR Cable & Adjustable Boom Arm | Studio-Quality Sound, 20Hz–20kHz, All-Metal Build for Podcasting, Streaming & Recording",Audio Array,IN,"₹ 13,810.16",4,₹ 0.00,₹ 0.00,5,
FBA75680,AM-C6,B0B4G1PXWV,"Audio Array AM-C6 USB Plug & Play Condenser Microphone Kit | with pop-Filter & Shock Mount | 3.5 mm No Latency Monitoring, Volume Control & Mute Button | Gaming, Podcasting & Streaming",Audio Array,IN,"₹ 11,536.43",7,₹ 0.00,₹ 0.00,7,
FBA75689,AM-W13,B0B4G59Y8W,"Audio Array AM-W13 UHF Wireless Premium Metal Microphone | 4+ Hours Receiver Battery Backup | Range up to 60m | Karaoke Singing, Wedding, DJ | Compatible with PA System, Amplifier, Mixer, Party Box",Audio Array,IN,"₹ 11,437.28",7,₹ 0.00,₹ 0.00,8,
FBA79108,AM-W16,B0CM9L1QZG,"Audio Array AM-W16 Solo Wireless Lapel Over Ear Mic|in-Built ANC,Plug N Play,LongBattery Life,Ultra-Low Latency,Upto 30M Range|Compatible with iPhone&Android|Vlogging,Streaming,Teaching,YouTube,Black",Audio Array,IN,"₹ 10,301.68",9,₹ 0.00,₹ 0.00,9,7
FBA79906,PB-12 (AM-C11+AA-05+AI-04+AH-60-RD),B0FTVVLNS9,"Audio Array Professional Dynamic Bundle with Headphones & Audio Interface - USB/XLR Dynamic Microphone, 24-bit/192kHz Interface, Boom Arm & Semi-Open Headphones | Plug & Play Podcast Kit - PB-12",Audio Array,IN,"₹ 9,956.78",1,₹ 0.00,₹ 0.00,1,1
FBA79654,AM-C11 Pro,B0DN6MNS1X,"Audio Array AM-C11 Pro XLR/USB Professional Dynamic Mic Kit | Premium Metal 96kHz/24bit Studio Quality | 2M XLR & USB Cables,Volume Control,Mute & Realtime Monitoring | Streaming,Gaming & podcasting",Audio Array,IN,"₹ 8,642.37",2,₹ 0.00,₹ 0.00,2,3
FBA79832,GB-05 (AM-C43 + AI-06),B0FJ8S53GW,"Audio Array Streaming Bundle Kit | USB Condenser Mic & RGB Sound Card with Phantom Power, Voice Effects, Real-Time Monitoring | for Podcasting, Gaming, YouTube & Live Streaming - GB-05",Audio Array,IN,"₹ 7,424.55",2,₹ 0.00,₹ 0.00,2,
FBA79823,PB-01 (AM-C11 + AI-04),B0FJ2HZCVN,"Audio Array Ultimate Podcast Bundle | Dynamic Microphone with USB/XLR Connectivity & 24-Bit/192kHz Audio Interface | Ideal for Podcasting, Streaming, Voice Recording & Content Creation - PB-01",Audio Array,IN,"₹ 7,363.56",1,₹ 0.00,₹ 0.00,1,
FBA79465,AM-W21,B0DFMQCGT1,"Audio Array AM-W21 Wireless Microphone Kit | Built in Recording, Noise Reduction & Echo | Smartphones, Cameras, Laptops | Dual-Channel Recording, 200 feet Transmission Range, 48-Hour Battery Life",Audio Array,IN,"₹ 6,680.40",3,₹ 0.00,₹ 0.00,3,
FBA79653,AM-C45 Pro,B0DN6LJZBR,"Audio Array AM-C45 XLR/USB Pro RGB Dynamic Microphone Kit | 192kHz/24bit Studio Quality Output | Volume Control, Mute and Noise Cancellation | Realtime Monitoring for Streaming, Gaming & podcasting",Audio Array,IN,"₹ 6,593.22",2,₹ 0.00,₹ 0.00,2,
FBA78961,AM-C40,B0CBCB9S14,"Audio Array AM-C40 Large Diaphragm USB Condenser Microphone Kit | Boom Arm & Pop-Filter | 96kHz/24bit No Latency Headphone Monitoring with Mute & Volume Control Knob | Singing, Podcasting & Streaming",Audio Array,IN,"₹ 6,353.40",3,₹ 0.00,₹ 0.00,3,1
FBA75686,AM-W10,B0B4G89VQJ,"Audio Array AM-W10 Professional Dual Wireless Lapel Mics | Upto 10hr Battery & 100m Range | 2X Lapel mics, Type C Adapter for Easy Plug&Play | Volume & Mute Function | Vlogging, Streaming, YouTube",Audio Array,IN,"₹ 6,335.60",2,₹ 0.00,₹ 0.00,2,
FBA76723,AM-C20,B0BLKF46QG,"Audio Array AM-C20 USB Microphone | Unique Tilt Stand & one Touch Mute | Plug n Play, No Latency Cardioid Pickup | for PC, Smartphones, iOS | Gaming, Streaming, Podcasts, Twitch, YouTube, Discord",Audio Array,IN,"₹ 5,597.46",5,₹ 0.00,₹ 0.00,5,2
FBA75676,AM-C4,B0B4DS678Q,"Audio Array AM-C4 USB Plug & Play Condenser Microphone with Tripod, Pop-Filter & Shock Mount | for Conference, Gaming, Podcasting, Voice Over, YouTube, Skype, Zoom & Live Streaming on iOS,Windows",Audio Array,IN,"₹ 4,997.44",3,₹ 0.00,₹ 0.00,3,1
FBA79230,AM-W46,B0CX1XK5R6,Audio Array AM-W46 Groove Wireless Bluetooth 5.3 Bookshelf Speaker 30W | 5400mAh upto 24h Long Battery | 3 EQ Modes | Stylish Premium Metal Body | Superior Bass Quality,Audio Array,IN,"₹ 3,897.46",1,₹ 0.00,₹ 0.00,1,
FBA76863,AI-03,B0BPM2T7BQ,"Audio Array AI-03 Professional Sound Card with Bluetooth | Podcast Production Setup with 4 mic input & 4 outputs | +48V phantom power, PC/Mac connectivity | 6-8hr Battery | Streaming, Singing & Gaming",Audio Array,IN,"₹ 3,304.24",1,₹ 0.00,₹ 0.00,2,1
FBA79722,AM-W21,B0F2HYY7JF,"Audio Array AM-W21 Dual Wireless Lapel Mic | TFT Card Recording, Noise Cancellation & Echo | Android, iOS, DSLR Camera, Laptops | 360° Pickup, Plug n Play, 60M Working Range, 48-Hour Battery Life",Audio Array,IN,"₹ 2,711.02",1,₹ 0.00,₹ 0.00,1,
FBA78203,AM-C30,B0C4YTNJG7,"Audio Array AM-C30 Metal RGB Professional USB Microphone | One-Touch Mute, Gain & No-Latency Monitoring Controls | Shock Mount and Tripod | for PC/Mobile, Gaming, Streaming, Podcasting & Voiceover",Audio Array,IN,"₹ 1,821.19",1,₹ 0.00,₹ 0.00,1,
FBA79444,AM-W20,B0DFMLQBMC,"Audio Array AM-W20 Magnetic Wireless Lapel Microphone Set | One Touch Smart Noise Reduction | 48KHz/24Bit Hi-fi Recording | 50M Range | 800mAh 48Hrs Long Battery Backup | Vlogging, Podcast, Streaming",Audio Array,IN,"₹ 1,685.59",1,₹ 0.00,₹ 0.00,1,
FBA76730,AM-C27,B0BLKB6FRR,"Audio Array AM-C27 XLR to TRS Cardioid Dynamic Handheld Microphone Sound for Live Events | Premium Built with 4.5M Cable | Singing, Public Meetings, Studio Recording, Live Sound, Party",Audio Array,IN,"₹ 1,100.84",1,₹ 0.00,₹ 0.00,1,
FBA79830,GB-03 (AI-12 + AM-C43),B0FJ8TSQK1,"Audio Array Singing Bundle | Condenser Mic with Boom Arm & Sound Card V8 | Voice Effects, Reverb, Bluetooth | Ideal for Podcasting, Karaoke, Live Streaming, YouTube & Singing - GB-03",Audio Array,IN,₹ 0.00,0,,,,
